"0","out <- local4(y, x0, X0, x, X, H)"
"0","out"
"1","       "
"1","         [,1]"
"1","
   [1,]"
"1"," -3.622370373"
"1","
   [2,]"
"1","  3.342626068"
"1","
   [3,]"
"1"," -3.578933513"
"1","
   [4,]"
"1","  4.655857537"
"1","
   [5,]"
"1"," -3.649772289"
"1","
   [6,]"
"1","  4.547497316"
"1","
   [7,]"
"1"," -3.454013639"
"1","
   [8,]"
"1","  4.260852277"
"1","
   [9,]"
"1"," -3.594884131"
"1","
  [10,]"
"1"," -3.381226337"
"1","
  [11,]"
"1","  4.387187289"
"1","
  [12,]"
"1","  3.450004250"
"1","
  [13,]"
"1"," -3.573421180"
"1","
  [14,]"
"1","  4.593835768"
"1","
  [15,]"
"1"," -3.391525959"
"1","
  [16,]"
"1","  4.209529042"
"1","
  [17,]"
"1","  4.829218413"
"1","
  [18,]"
"1"," -3.438125464"
"1","
  [19,]"
"1","  4.670883013"
"1","
  [20,]"
"1"," -3.563543382"
"1","
  [21,]"
"1"," -3.407936216"
"1","
  [22,]"
"1"," -3.604689467"
"1","
  [23,]"
"1","  4.494706106"
"1","
  [24,]"
"1"," -3.585439855"
"1","
  [25,]"
"1"," -3.613334951"
"1","
  [26,]"
"1","  4.775171919"
"1","
  [27,]"
"1","  4.181404324"
"1","
  [28,]"
"1"," -3.591261311"
"1","
  [29,]"
"1"," -3.539007669"
"1","
  [30,]"
"1"," -3.572645503"
"1","
  [31,]"
"1"," -1.462898645"
"1","
  [32,]"
"1","  4.449344686"
"1","
  [33,]"
"1","  4.625965396"
"1","
  [34,]"
"1","  4.618403773"
"1","
  [35,]"
"1","  4.163052517"
"1","
  [36,]"
"1"," -3.433980858"
"1","
  [37,]"
"1"," -0.997451060"
"1","
  [38,]"
"1","  4.793732131"
"1","
  [39,]"
"1"," -3.439225407"
"1","
  [40,]"
"1"," -2.976812463"
"1","
  [41,]"
"1","  4.818563099"
"1","
  [42,]"
"1","  4.597494555"
"1","
  [43,]"
"1","  4.466147184"
"1","
  [44,]"
"1"," -3.364105861"
"1","
  [45,]"
"1","  4.327209977"
"1","
  [46,]"
"1"," -3.570296469"
"1","
  [47,]"
"1"," -3.566611065"
"1","
  [48,]"
"1"," -3.010275046"
"1","
  [49,]"
"1"," -3.249442188"
"1","
  [50,]"
"1","  4.329406730"
"1","
  [51,]"
"1","  4.594247390"
"1","
  [52,]"
"1","  4.517183181"
"1","
  [53,]"
"1"," -3.430030324"
"1","
  [54,]"
"1"," -3.418714014"
"1","
  [55,]"
"1"," -3.586205138"
"1","
  [56,]"
"1"," -3.532673171"
"1","
  [57,]"
"1"," -3.179247018"
"1","
  [58,]"
"1","  0.973424397"
"1","
  [59,]"
"1"," -3.369851863"
"1","
  [60,]"
"1"," -3.526218885"
"1","
  [61,]"
"1","  4.565845202"
"1","
  [62,]"
"1"," -1.072407572"
"1","
  [63,]"
"1"," -3.679219891"
"1","
  [64,]"
"1","  4.579941012"
"1","
  [65,]"
"1"," -3.476999114"
"1","
  [66,]"
"1"," -3.588623957"
"1","
  [67,]"
"1","  4.323988371"
"1","
  [68,]"
"1"," -3.053187659"
"1","
  [69,]"
"1"," -3.665533316"
"1","
  [70,]"
"1"," -1.376267443"
"1","
  [71,]"
"1"," -3.362478223"
"1","
  [72,]"
"1","  4.751204104"
"1","
  [73,]"
"1","  4.593480202"
"1","
  [74,]"
"1","  1.768275701"
"1","
  [75,]"
"1","  4.769609294"
"1","
  [76,]"
"1"," -3.412745128"
"1","
  [77,]"
"1","  4.771716918"
"1","
  [78,]"
"1","  2.879212332"
"1","
  [79,]"
"1"," -3.607021231"
"1","
  [80,]"
"1"," -3.562730283"
"1","
  [81,]"
"1","  4.590753760"
"1","
  [82,]"
"1"," -3.690568732"
"1","
  [83,]"
"1"," -3.701245885"
"1","
  [84,]"
"1"," -3.480126929"
"1","
  [85,]"
"1"," -3.563545835"
"1","
  [86,]"
"1"," -3.468795886"
"1","
  [87,]"
"1","  4.327285846"
"1","
  [88,]"
"1"," -3.569153475"
"1","
  [89,]"
"1","  4.637574627"
"1","
  [90,]"
"1"," -2.864953512"
"1","
  [91,]"
"1"," -3.630354276"
"1","
  [92,]"
"1","  4.080482666"
"1","
  [93,]"
"1","  4.370587920"
"1","
  [94,]"
"1","  4.167732429"
"1","
  [95,]"
"1"," -0.599590631"
"1","
  [96,]"
"1"," -3.419116734"
"1","
  [97,]"
"1"," -2.678339049"
"1","
  [98,]"
"1"," -3.653443444"
"1","
  [99,]"
"1"," -3.473577455"
"1","
 [100,]"
"1","  4.180168435"
"1","
 [101,]"
"1"," -3.405342792"
"1","
 [102,]"
"1","  4.670632335"
"1","
 [103,]"
"1"," -3.413476961"
"1","
 [104,]"
"1","  4.111228289"
"1","
 [105,]"
"1","  4.878866935"
"1","
 [106,]"
"1"," -3.565870770"
"1","
 [107,]"
"1"," -3.588881815"
"1","
 [108,]"
"1","  4.116801906"
"1","
 [109,]"
"1"," -2.763221041"
"1","
 [110,]"
"1"," -3.588346814"
"1","
 [111,]"
"1"," -3.549146922"
"1","
 [112,]"
"1"," -3.587512750"
"1","
 [113,]"
"1"," -2.896346810"
"1","
 [114,]"
"1","  4.733490704"
"1","
 [115,]"
"1"," -3.593717257"
"1","
 [116,]"
"1"," -3.651690794"
"1","
 [117,]"
"1","  3.682751021"
"1","
 [118,]"
"1","  4.213069274"
"1","
 [119,]"
"1","  4.442559755"
"1","
 [120,]"
"1"," -3.236182234"
"1","
 [121,]"
"1"," -3.579513698"
"1","
 [122,]"
"1"," -3.556036520"
"1","
 [123,]"
"1"," -2.055779940"
"1","
 [124,]"
"1"," -3.414700147"
"1","
 [125,]"
"1","  4.311694546"
"1","
 [126,]"
"1","  4.510794797"
"1","
 [127,]"
"1","  3.404808555"
"1","
 [128,]"
"1","  4.772914459"
"1","
 [129,]"
"1","  4.807003645"
"1","
 [130,]"
"1"," -3.598846079"
"1","
 [131,]"
"1"," -1.757635906"
"1","
 [132,]"
"1"," -3.519484033"
"1","
 [133,]"
"1","  4.297904282"
"1","
 [134,]"
"1","  4.670714931"
"1","
 [135,]"
"1"," -3.483338246"
"1","
 [136,]"
"1","  4.591870308"
"1","
 [137,]"
"1","  4.630542254"
"1","
 [138,]"
"1","  2.969248624"
"1","
 [139,]"
"1"," -0.965473312"
"1","
 [140,]"
"1","  4.969937585"
"1","
 [141,]"
"1","  3.869057445"
"1","
 [142,]"
"1"," -3.586688840"
"1","
 [143,]"
"1"," -3.542326691"
"1","
 [144,]"
"1","  4.661156871"
"1","
 [145,]"
"1"," -3.538260721"
"1","
 [146,]"
"1"," -3.674244405"
"1","
 [147,]"
"1"," -3.572986311"
"1","
 [148,]"
"1"," -3.586309458"
"1","
 [149,]"
"1"," -3.568316189"
"1","
 [150,]"
"1","  4.248869499"
"1","
 [151,]"
"1","  4.315214157"
"1","
 [152,]"
"1","  4.699602410"
"1","
 [153,]"
"1","  4.713998651"
"1","
 [154,]"
"1","  4.590506543"
"1","
 [155,]"
"1"," -3.650334762"
"1","
 [156,]"
"1"," -3.574779688"
"1","
 [157,]"
"1","  4.461165856"
"1","
 [158,]"
"1"," -3.610612334"
"1","
 [159,]"
"1"," -2.908569688"
"1","
 [160,]"
"1"," -3.645538631"
"1","
 [161,]"
"1","  2.801287551"
"1","
 [162,]"
"1"," -3.399978537"
"1","
 [163,]"
"1"," -3.656391311"
"1","
 [164,]"
"1"," -3.632610249"
"1","
 [165,]"
"1","  4.701713711"
"1","
 [166,]"
"1","  4.785574464"
"1","
 [167,]"
"1"," -3.600454636"
"1","
 [168,]"
"1","  4.763207590"
"1","
 [169,]"
"1"," -2.660238060"
"1","
 [170,]"
"1"," -3.546036577"
"1","
 [171,]"
"1","  4.771095088"
"1","
 [172,]"
"1"," -3.542290894"
"1","
 [173,]"
"1","  4.454156533"
"1","
 [174,]"
"1","  4.748767620"
"1","
 [175,]"
"1"," -3.614655820"
"1","
 [176,]"
"1","  4.519407088"
"1","
 [177,]"
"1"," -3.545463018"
"1","
 [178,]"
"1","  4.851630000"
"1","
 [179,]"
"1","  1.615506048"
"1","
 [180,]"
"1"," -3.482606348"
"1","
 [181,]"
"1","  2.034217476"
"1","
 [182,]"
"1","  4.178585992"
"1","
 [183,]"
"1","  4.945642069"
"1","
 [184,]"
"1","  4.118352486"
"1","
 [185,]"
"1","  4.646468478"
"1","
 [186,]"
"1","  4.485364473"
"1","
 [187,]"
"1","  3.087968548"
"1","
 [188,]"
"1"," -2.942328060"
"1","
 [189,]"
"1"," -3.522287015"
"1","
 [190,]"
"1"," -3.293107883"
"1","
 [191,]"
"1"," -3.561098308"
"1","
 [192,]"
"1"," -3.582315291"
"1","
 [193,]"
"1"," -3.466250883"
"1","
 [194,]"
"1"," -3.576573275"
"1","
 [195,]"
"1","  4.449892305"
"1","
 [196,]"
"1"," -3.568648054"
"1","
 [197,]"
"1","  3.693919516"
"1","
 [198,]"
"1","  4.157936069"
"1","
 [199,]"
"1","  4.818856902"
"1","
 [200,]"
"1"," -3.447572863"
"1","
 [201,]"
"1"," -3.563428947"
"1","
 [202,]"
"1"," -3.461529349"
"1","
 [203,]"
"1"," -3.544771154"
"1","
 [204,]"
"1"," -3.618031828"
"1","
 [205,]"
"1"," -3.646272167"
"1","
 [206,]"
"1"," -3.390272167"
"1","
 [207,]"
"1","  4.176344772"
"1","
 [208,]"
"1"," -3.490226551"
"1","
 [209,]"
"1","  0.879842920"
"1","
 [210,]"
"1"," -3.569837133"
"1","
 [211,]"
"1"," -3.584895622"
"1","
 [212,]"
"1","  0.327563496"
"1","
 [213,]"
"1"," -3.377163401"
"1","
 [214,]"
"1","  4.359146986"
"1","
 [215,]"
"1","  3.568683258"
"1","
 [216,]"
"1"," -3.578137201"
"1","
 [217,]"
"1"," -3.423148200"
"1","
 [218,]"
"1","  4.769849597"
"1","
 [219,]"
"1"," -3.437129751"
"1","
 [220,]"
"1","  1.679940273"
"1","
 [221,]"
"1"," -3.473948119"
"1","
 [222,]"
"1"," -3.577349161"
"1","
 [223,]"
"1","  4.660483114"
"1","
 [224,]"
"1","  3.809279267"
"1","
 [225,]"
"1"," -3.561930701"
"1","
 [226,]"
"1","  0.094425790"
"1","
 [227,]"
"1","  4.910011724"
"1","
 [228,]"
"1"," -3.462971624"
"1","
 [229,]"
"1","  4.007243125"
"1","
 [230,]"
"1","  4.865770535"
"1","
 [231,]"
"1","  4.306439412"
"1","
 [232,]"
"1","  4.475405290"
"1","
 [233,]"
"1"," -3.596646382"
"1","
 [234,]"
"1"," -3.409142348"
"1","
 [235,]"
"1","  4.597896201"
"1","
 [236,]"
"1"," -0.046512889"
"1","
 [237,]"
"1","  3.467494119"
"1","
 [238,]"
"1"," -3.486724654"
"1","
 [239,]"
"1"," -3.559775205"
"1","
 [240,]"
"1"," -3.540338179"
"1","
 [241,]"
"1"," -3.614638212"
"1","
 [242,]"
"1","  3.842789091"
"1","
 [243,]"
"1","  0.946966229"
"1","
 [244,]"
"1","  4.194445422"
"1","
 [245,]"
"1","  4.874738235"
"1","
 [246,]"
"1","  4.692333866"
"1","
 [247,]"
"1","  3.308654478"
"1","
 [248,]"
"1","  4.763215432"
"1","
 [249,]"
"1","  2.555066814"
"1","
 [250,]"
"1"," -3.542180252"
"1","
 [251,]"
"1","  3.018130857"
"1","
 [252,]"
"1","  3.247658435"
"1","
 [253,]"
"1"," -3.665478718"
"1","
 [254,]"
"1"," -3.587207184"
"1","
 [255,]"
"1","  2.559856061"
"1","
 [256,]"
"1","  4.902667025"
"1","
 [257,]"
"1","  4.599171708"
"1","
 [258,]"
"1","  4.197948178"
"1","
 [259,]"
"1"," -3.625818268"
"1","
 [260,]"
"1"," -3.560776000"
"1","
 [261,]"
"1"," -3.574878751"
"1","
 [262,]"
"1","  4.163898190"
"1","
 [263,]"
"1","  3.543630393"
"1","
 [264,]"
"1"," -3.593938631"
"1","
 [265,]"
"1","  4.722089714"
"1","
 [266,]"
"1","  4.708517968"
"1","
 [267,]"
"1"," -3.525536384"
"1","
 [268,]"
"1","  4.659513624"
"1","
 [269,]"
"1","  4.395940772"
"1","
 [270,]"
"1"," -1.669499138"
"1","
 [271,]"
"1"," -3.556470326"
"1","
 [272,]"
"1"," -3.391289630"
"1","
 [273,]"
"1","  3.810643048"
"1","
 [274,]"
"1","  4.798507092"
"1","
 [275,]"
"1"," -3.623573944"
"1","
 [276,]"
"1","  4.651409165"
"1","
 [277,]"
"1"," -3.615766068"
"1","
 [278,]"
"1"," -1.508765835"
"1","
 [279,]"
"1","  0.908441716"
"1","
 [280,]"
"1","  4.853979174"
"1","
 [281,]"
"1","  0.844640848"
"1","
 [282,]"
"1"," -2.535550588"
"1","
 [283,]"
"1","  0.122335271"
"1","
 [284,]"
"1","  4.652971651"
"1","
 [285,]"
"1"," -3.514201539"
"1","
 [286,]"
"1"," -3.548288910"
"1","
 [287,]"
"1","  4.789770937"
"1","
 [288,]"
"1"," -3.562582089"
"1","
 [289,]"
"1"," -3.362841229"
"1","
 [290,]"
"1"," -3.622574652"
"1","
 [291,]"
"1","  0.959522870"
"1","
 [292,]"
"1","  4.191776128"
"1","
 [293,]"
"1","  4.375193065"
"1","
 [294,]"
"1"," -3.516632532"
"1","
 [295,]"
"1"," -3.578407425"
"1","
 [296,]"
"1","  3.942166699"
"1","
 [297,]"
"1","  4.368214170"
"1","
 [298,]"
"1"," -3.488975191"
"1","
 [299,]"
"1"," -0.619564141"
"1","
 [300,]"
"1"," -3.511798853"
"1","
 [301,]"
"1"," -3.569029222"
"1","
 [302,]"
"1","  4.090613094"
"1","
 [303,]"
"1","  4.516341152"
"1","
 [304,]"
"1","  4.663606543"
"1","
 [305,]"
"1"," -3.427882267"
"1","
 [306,]"
"1","  4.562935835"
"1","
 [307,]"
"1","  2.813742367"
"1","
 [308,]"
"1","  4.703298409"
"1","
 [309,]"
"1"," -0.087089948"
"1","
 [310,]"
"1"," -3.623705564"
"1","
 [311,]"
"1"," -3.457723424"
"1","
 [312,]"
"1"," -3.523623999"
"1","
 [313,]"
"1","  4.345327783"
"1","
 [314,]"
"1"," -3.438719809"
"1","
 [315,]"
"1"," -3.153583024"
"1","
 [316,]"
"1","  4.659527346"
"1","
 [317,]"
"1","  2.660039097"
"1","
 [318,]"
"1","  4.814895730"
"1","
 [319,]"
"1"," -3.550346259"
"1","
 [320,]"
"1","  3.437359494"
"1","
 [321,]"
"1"," -3.561458047"
"1","
 [322,]"
"1"," -3.587472592"
"1","
 [323,]"
"1","  1.287754788"
"1","
 [324,]"
"1","  2.783772446"
"1","
 [325,]"
"1","  4.101921881"
"1","
 [326,]"
"1","  4.557230637"
"1","
 [327,]"
"1","  3.991622456"
"1","
 [328,]"
"1","  3.461256986"
"1","
 [329,]"
"1","  4.394538251"
"1","
 [330,]"
"1"," -3.588066871"
"1","
 [331,]"
"1"," -3.510379327"
"1","
 [332,]"
"1"," -3.323084777"
"1","
 [333,]"
"1"," -3.578484743"
"1","
 [334,]"
"1","  4.148182203"
"1","
 [335,]"
"1"," -3.673842684"
"1","
 [336,]"
"1","  2.753568810"
"1","
 [337,]"
"1","  4.403758283"
"1","
 [338,]"
"1"," -3.697482569"
"1","
 [339,]"
"1"," -3.375849648"
"1","
 [340,]"
"1","  4.161992077"
"1","
 [341,]"
"1"," -3.544814670"
"1","
 [342,]"
"1"," -3.140527422"
"1","
 [343,]"
"1"," -3.610484443"
"1","
 [344,]"
"1"," -0.717914190"
"1","
 [345,]"
"1"," -3.563134436"
"1","
 [346,]"
"1"," -3.652799242"
"1","
 [347,]"
"1"," -3.572065905"
"1","
 [348,]"
"1","  4.751532225"
"1","
 [349,]"
"1"," -3.569815025"
"1","
 [350,]"
"1","  4.916794291"
"1","
 [351,]"
"1","  0.831609317"
"1","
 [352,]"
"1"," -3.568865464"
"1","
 [353,]"
"1"," -3.453417557"
"1","
 [354,]"
"1"," -3.574267023"
"1","
 [355,]"
"1","  3.535342505"
"1","
 [356,]"
"1","  1.362998993"
"1","
 [357,]"
"1","  4.619305803"
"1","
 [358,]"
"1"," -3.604691221"
"1","
 [359,]"
"1","  4.868563571"
"1","
 [360,]"
"1"," -3.403969974"
"1","
 [361,]"
"1","  3.669347675"
"1","
 [362,]"
"1"," -2.468069917"
"1","
 [363,]"
"1","  4.402434011"
"1","
 [364,]"
"1","  4.551791891"
"1","
 [365,]"
"1"," -3.349383910"
"1","
 [366,]"
"1"," -3.560104177"
"1","
 [367,]"
"1","  2.830060300"
"1","
 [368,]"
"1"," -3.564261079"
"1","
 [369,]"
"1"," -1.791465832"
"1","
 [370,]"
"1","  4.716684530"
"1","
 [371,]"
"1"," -3.555204161"
"1","
 [372,]"
"1"," -3.273821634"
"1","
 [373,]"
"1","  2.563662243"
"1","
 [374,]"
"1"," -3.545082288"
"1","
 [375,]"
"1"," -3.624178799"
"1","
 [376,]"
"1"," -3.537187228"
"1","
 [377,]"
"1"," -3.580755185"
"1","
 [378,]"
"1","  4.875689407"
"1","
 [379,]"
"1","  4.482064233"
"1","
 [380,]"
"1","  4.020172919"
"1","
 [381,]"
"1"," -3.456978835"
"1","
 [382,]"
"1"," -3.533513241"
"1","
 [383,]"
"1"," -3.579472415"
"1","
 [384,]"
"1"," -2.918078387"
"1","
 [385,]"
"1","  4.882605583"
"1","
 [386,]"
"1","  3.334800167"
"1","
 [387,]"
"1"," -2.173092132"
"1","
 [388,]"
"1","  4.301672546"
"1","
 [389,]"
"1"," -3.570493576"
"1","
 [390,]"
"1"," -3.579035568"
"1","
 [391,]"
"1","  1.081149078"
"1","
 [392,]"
"1","  4.441629816"
"1","
 [393,]"
"1"," -3.519238629"
"1","
 [394,]"
"1","  3.423364096"
"1","
 [395,]"
"1"," -3.424699314"
"1","
 [396,]"
"1"," -3.364685562"
"1","
 [397,]"
"1"," -3.457590966"
"1","
 [398,]"
"1","  4.587238378"
"1","
 [399,]"
"1"," -3.557620776"
"1","
 [400,]"
"1"," -3.394737138"
"1","
 [401,]"
"1","  4.321035683"
"1","
 [402,]"
"1"," -3.423077855"
"1","
 [403,]"
"1","  3.475956585"
"1","
 [404,]"
"1"," -3.571772016"
"1","
 [405,]"
"1"," -3.568946326"
"1","
 [406,]"
"1","  2.131125402"
"1","
 [407,]"
"1","  4.861624964"
"1","
 [408,]"
"1"," -3.544007620"
"1","
 [409,]"
"1","  4.758167460"
"1","
 [410,]"
"1","  4.305626772"
"1","
 [411,]"
"1"," -3.390256268"
"1","
 [412,]"
"1","  4.340274611"
"1","
 [413,]"
"1"," -3.580423832"
"1","
 [414,]"
"1","  4.544012948"
"1","
 [415,]"
"1"," -3.410299770"
"1","
 [416,]"
"1","  4.569292916"
"1","
 [417,]"
"1","  4.209871203"
"1","
 [418,]"
"1"," -3.573459091"
"1","
 [419,]"
"1"," -3.626065254"
"1","
 [420,]"
"1"," -1.562230235"
"1","
 [421,]"
"1"," -3.625478201"
"1","
 [422,]"
"1","  3.905171414"
"1","
 [423,]"
"1"," -3.586516553"
"1","
 [424,]"
"1"," -3.583800815"
"1","
 [425,]"
"1","  4.620492749"
"1","
 [426,]"
"1"," -3.584944144"
"1","
 [427,]"
"1","  4.467852416"
"1","
 [428,]"
"1","  4.925482794"
"1","
 [429,]"
"1","  4.759881855"
"1","
 [430,]"
"1","  2.864667036"
"1","
 [431,]"
"1","  4.161090900"
"1","
 [432,]"
"1"," -0.904230329"
"1","
 [433,]"
"1","  3.736005344"
"1","
 [434,]"
"1"," -3.262579150"
"1","
 [435,]"
"1"," -0.925164675"
"1","
 [436,]"
"1"," -3.448830945"
"1","
 [437,]"
"1"," -3.135010841"
"1","
 [438,]"
"1","  4.672927399"
"1","
 [439,]"
"1","  4.967522424"
"1","
 [440,]"
"1","  4.836109947"
"1","
 [441,]"
"1","  4.402160194"
"1","
 [442,]"
"1"," -3.538119082"
"1","
 [443,]"
"1","  3.674617580"
"1","
 [444,]"
"1"," -3.544257521"
"1","
 [445,]"
"1"," -3.532278883"
"1","
 [446,]"
"1","  4.556531301"
"1","
 [447,]"
"1"," -2.597116415"
"1","
 [448,]"
"1"," -2.107320518"
"1","
 [449,]"
"1"," -3.493109507"
"1","
 [450,]"
"1"," -3.350654594"
"1","
 [451,]"
"1"," -3.545073721"
"1","
 [452,]"
"1","  4.862017036"
"1","
 [453,]"
"1","  4.765328975"
"1","
 [454,]"
"1"," -3.574541839"
"1","
 [455,]"
"1"," -3.445838346"
"1","
 [456,]"
"1","  4.080971865"
"1","
 [457,]"
"1"," -3.419887336"
"1","
 [458,]"
"1","  2.522141808"
"1","
 [459,]"
"1"," -1.744085649"
"1","
 [460,]"
"1"," -3.468756235"
"1","
 [461,]"
"1","  4.560633471"
"1","
 [462,]"
"1","  4.537472853"
"1","
 [463,]"
"1"," -3.408453040"
"1","
 [464,]"
"1"," -3.430344564"
"1","
 [465,]"
"1"," -3.664483219"
"1","
 [466,]"
"1","  1.587757414"
"1","
 [467,]"
"1","  4.413871849"
"1","
 [468,]"
"1","  4.334660917"
"1","
 [469,]"
"1","  4.630372460"
"1","
 [470,]"
"1","  4.715164257"
"1","
 [471,]"
"1"," -1.034050888"
"1","
 [472,]"
"1"," -3.411358236"
"1","
 [473,]"
"1","  4.571357126"
"1","
 [474,]"
"1"," -3.569935327"
"1","
 [475,]"
"1"," -3.579765594"
"1","
 [476,]"
"1"," -3.489230802"
"1","
 [477,]"
"1","  4.639737107"
"1","
 [478,]"
"1","  4.684069222"
"1","
 [479,]"
"1","  3.021412323"
"1","
 [480,]"
"1"," -3.675112931"
"1","
 [481,]"
"1"," -3.585971801"
"1","
 [482,]"
"1","  4.634833621"
"1","
 [483,]"
"1"," -3.429694387"
"1","
 [484,]"
"1"," -3.636268251"
"1","
 [485,]"
"1"," -2.889932583"
"1","
 [486,]"
"1"," -3.414859303"
"1","
 [487,]"
"1","  4.410477811"
"1","
 [488,]"
"1","  3.576155432"
"1","
 [489,]"
"1","  4.342790019"
"1","
 [490,]"
"1","  4.479273760"
"1","
 [491,]"
"1","  3.761892145"
"1","
 [492,]"
"1","  4.631219504"
"1","
 [493,]"
"1","  2.823085585"
"1","
 [494,]"
"1"," -3.422007458"
"1","
 [495,]"
"1"," -3.346330128"
"1","
 [496,]"
"1"," -1.366845234"
"1","
 [497,]"
"1"," -3.456064824"
"1","
 [498,]"
"1"," -3.530730466"
"1","
 [499,]"
"1","  4.460656606"
"1","
 [500,]"
"1","  4.469619129"
"1","
 [501,]"
"1"," -3.625616516"
"1","
 [502,]"
"1"," -2.451588678"
"1","
 [503,]"
"1"," -3.577086332"
"1","
 [504,]"
"1"," -2.954410926"
"1","
 [505,]"
"1"," -3.419104686"
"1","
 [506,]"
"1","  4.508992308"
"1","
 [507,]"
"1"," -2.773547557"
"1","
 [508,]"
"1","  4.446472186"
"1","
 [509,]"
"1","  5.002735406"
"1","
 [510,]"
"1"," -3.513828455"
"1","
 [511,]"
"1","  4.403238671"
"1","
 [512,]"
"1","  3.472797749"
"1","
 [513,]"
"1"," -3.626601225"
"1","
 [514,]"
"1"," -3.665924742"
"1","
 [515,]"
"1"," -3.602166235"
"1","
 [516,]"
"1"," -3.575561537"
"1","
 [517,]"
"1","  4.800301480"
"1","
 [518,]"
"1","  4.685121908"
"1","
 [519,]"
"1","  3.809712574"
"1","
 [520,]"
"1"," -3.574848182"
"1","
 [521,]"
"1"," -3.562587973"
"1","
 [522,]"
"1","  4.396186158"
"1","
 [523,]"
"1"," -3.602786974"
"1","
 [524,]"
"1","  2.506430874"
"1","
 [525,]"
"1","  4.542962332"
"1","
 [526,]"
"1"," -2.531590371"
"1","
 [527,]"
"1","  4.340729022"
"1","
 [528,]"
"1"," -3.625733589"
"1","
 [529,]"
"1","  4.591890158"
"1","
 [530,]"
"1","  3.860922314"
"1","
 [531,]"
"1"," -3.451723185"
"1","
 [532,]"
"1"," -3.625256371"
"1","
 [533,]"
"1","  2.394368817"
"1","
 [534,]"
"1","  4.255085668"
"1","
 [535,]"
"1"," -3.530111703"
"1","
 [536,]"
"1"," -3.400712078"
"1","
 [537,]"
"1"," -3.574045138"
"1","
 [538,]"
"1","  4.749351518"
"1","
 [539,]"
"1"," -3.558844178"
"1","
 [540,]"
"1"," -1.384418993"
"1","
 [541,]"
"1"," -0.060293940"
"1","
 [542,]"
"1"," -3.524137498"
"1","
 [543,]"
"1"," -3.524670300"
"1","
 [544,]"
"1"," -3.577031772"
"1","
 [545,]"
"1"," -3.359552731"
"1","
 [546,]"
"1"," -3.562413168"
"1","
 [547,]"
"1","  1.143537362"
"1","
 [548,]"
"1","  4.727913600"
"1","
 [549,]"
"1","  3.397634643"
"1","
 [550,]"
"1","  3.816478254"
"1","
 [551,]"
"1","  4.687127866"
"1","
 [552,]"
"1","  4.507502215"
"1","
 [553,]"
"1"," -3.275344479"
"1","
 [554,]"
"1"," -3.583765681"
"1","
 [555,]"
"1"," -3.513643866"
"1","
 [556,]"
"1","  4.740341919"
"1","
 [557,]"
"1","  4.485232856"
"1","
 [558,]"
"1","  4.654338018"
"1","
 [559,]"
"1","  2.004982932"
"1","
 [560,]"
"1"," -3.562641631"
"1","
 [561,]"
"1"," -3.431485189"
"1","
 [562,]"
"1"," -2.635905885"
"1","
 [563,]"
"1"," -3.576148805"
"1","
 [564,]"
"1"," -3.545087857"
"1","
 [565,]"
"1"," -3.457450345"
"1","
 [566,]"
"1","  4.477508519"
"1","
 [567,]"
"1","  1.509591315"
"1","
 [568,]"
"1"," -3.427595610"
"1","
 [569,]"
"1"," -3.515540706"
"1","
 [570,]"
"1"," -3.553337517"
"1","
 [571,]"
"1"," -3.382331060"
"1","
 [572,]"
"1"," -3.427864954"
"1","
 [573,]"
"1","  3.449391180"
"1","
 [574,]"
"1","  4.696354449"
"1","
 [575,]"
"1"," -3.545735330"
"1","
 [576,]"
"1","  3.117854714"
"1","
 [577,]"
"1"," -3.547578588"
"1","
 [578,]"
"1","  3.287717497"
"1","
 [579,]"
"1","  4.883661490"
"1","
 [580,]"
"1","  4.513969366"
"1","
 [581,]"
"1"," -3.525552964"
"1","
 [582,]"
"1","  1.705182205"
"1","
 [583,]"
"1","  4.668317700"
"1","
 [584,]"
"1"," -3.367509026"
"1","
 [585,]"
"1"," -3.654554182"
"1","
 [586,]"
"1"," -1.154544198"
"1","
 [587,]"
"1"," -3.569433089"
"1","
 [588,]"
"1","  4.606601982"
"1","
 [589,]"
"1"," -3.472330336"
"1","
 [590,]"
"1"," -3.561294420"
"1","
 [591,]"
"1","  4.667748756"
"1","
 [592,]"
"1"," -3.562849396"
"1","
 [593,]"
"1","  4.572706689"
"1","
 [594,]"
"1"," -3.575733996"
"1","
 [595,]"
"1"," -3.464230287"
"1","
 [596,]"
"1","  4.789941742"
"1","
 [597,]"
"1","  4.332124442"
"1","
 [598,]"
"1"," -0.114853231"
"1","
 [599,]"
"1","  3.456615147"
"1","
 [600,]"
"1","  1.025840135"
"1","
 [601,]"
"1","  2.280555973"
"1","
 [602,]"
"1"," -2.688781025"
"1","
 [603,]"
"1"," -3.401268636"
"1","
 [604,]"
"1"," -3.644687723"
"1","
 [605,]"
"1","  3.503260312"
"1","
 [606,]"
"1"," -3.546714798"
"1","
 [607,]"
"1","  3.954574193"
"1","
 [608,]"
"1"," -3.544384946"
"1","
 [609,]"
"1"," -3.477564798"
"1","
 [610,]"
"1"," -0.861976495"
"1","
 [611,]"
"1"," -3.548367066"
"1","
 [612,]"
"1"," -3.433465975"
"1","
 [613,]"
"1"," -2.112950396"
"1","
 [614,]"
"1","  2.637653595"
"1","
 [615,]"
"1","  4.596830134"
"1","
 [616,]"
"1","  2.769643677"
"1","
 [617,]"
"1"," -3.532566870"
"1","
 [618,]"
"1","  4.186754207"
"1","
 [619,]"
"1","  4.519678566"
"1","
 [620,]"
"1","  4.557830694"
"1","
 [621,]"
"1"," -0.123707064"
"1","
 [622,]"
"1","  4.210976735"
"1","
 [623,]"
"1","  0.240430809"
"1","
 [624,]"
"1"," -3.573211997"
"1","
 [625,]"
"1"," -3.624055511"
"1","
 [626,]"
"1","  4.780908115"
"1","
 [627,]"
"1","  4.722357963"
"1","
 [628,]"
"1"," -3.448381305"
"1","
 [629,]"
"1","  2.220557682"
"1","
 [630,]"
"1","  4.113517901"
"1","
 [631,]"
"1"," -3.546264588"
"1","
 [632,]"
"1","  4.766000587"
"1","
 [633,]"
"1"," -3.667274703"
"1","
 [634,]"
"1","  3.598390028"
"1","
 [635,]"
"1"," -3.310229350"
"1","
 [636,]"
"1"," -3.589280957"
"1","
 [637,]"
"1"," -3.583941757"
"1","
 [638,]"
"1","  4.536036550"
"1","
 [639,]"
"1"," -3.536843890"
"1","
 [640,]"
"1","  4.497695386"
"1","
 [641,]"
"1"," -3.622739523"
"1","
 [642,]"
"1","  2.975004141"
"1","
 [643,]"
"1"," -3.587348605"
"1","
 [644,]"
"1"," -3.443564137"
"1","
 [645,]"
"1"," -3.362612325"
"1","
 [646,]"
"1"," -3.580055410"
"1","
 [647,]"
"1"," -3.619712333"
"1","
 [648,]"
"1"," -3.643622872"
"1","
 [649,]"
"1","  4.451950348"
"1","
 [650,]"
"1","  4.677820003"
"1","
 [651,]"
"1","  4.726190116"
"1","
 [652,]"
"1","  4.679650689"
"1","
 [653,]"
"1"," -3.539081326"
"1","
 [654,]"
"1","  4.860456122"
"1","
 [655,]"
"1","  4.614520725"
"1","
 [656,]"
"1","  5.032148311"
"1","
 [657,]"
"1"," -2.293152000"
"1","
 [658,]"
"1","  1.235792911"
"1","
 [659,]"
"1"," -3.430232015"
"1","
 [660,]"
"1"," -3.467139467"
"1","
 [661,]"
"1","  4.874441989"
"1","
 [662,]"
"1"," -3.399111373"
"1","
 [663,]"
"1","  3.279878533"
"1","
 [664,]"
"1"," -3.372746664"
"1","
 [665,]"
"1"," -2.850029045"
"1","
 [666,]"
"1","  4.692482748"
"1","
 [667,]"
"1"," -2.407976563"
"1","
 [668,]"
"1"," -3.483244982"
"1","
 [669,]"
"1","  4.801200973"
"1","
 [670,]"
"1","  4.766074684"
"1","
 [671,]"
"1","  3.374371592"
"1","
 [672,]"
"1","  4.654523935"
"1","
 [673,]"
"1","  4.681810030"
"1","
 [674,]"
"1"," -3.573417281"
"1","
 [675,]"
"1"," -3.362577888"
"1","
 [676,]"
"1"," -3.395872271"
"1","
 [677,]"
"1","  4.706515527"
"1","
 [678,]"
"1","  3.324546120"
"1","
 [679,]"
"1","  4.773719173"
"1","
 [680,]"
"1","  1.662422824"
"1","
 [681,]"
"1","  4.445573683"
"1","
 [682,]"
"1"," -3.132832830"
"1","
 [683,]"
"1"," -3.642279169"
"1","
 [684,]"
"1","  3.790839152"
"1","
 [685,]"
"1"," -2.963673841"
"1","
 [686,]"
"1"," -3.435915275"
"1","
 [687,]"
"1"," -3.135563120"
"1","
 [688,]"
"1"," -3.645188122"
"1","
 [689,]"
"1"," -3.651352331"
"1","
 [690,]"
"1"," -3.666868681"
"1","
 [691,]"
"1","  3.014623153"
"1","
 [692,]"
"1"," -3.550870031"
"1","
 [693,]"
"1"," -3.492070224"
"1","
 [694,]"
"1"," -3.586558028"
"1","
 [695,]"
"1","  4.304815046"
"1","
 [696,]"
"1"," -2.752373004"
"1","
 [697,]"
"1"," -3.444660321"
"1","
 [698,]"
"1","  2.040075435"
"1","
 [699,]"
"1","  4.735866398"
"1","
 [700,]"
"1"," -2.913471005"
"1","
 [701,]"
"1","  4.067684751"
"1","
 [702,]"
"1"," -3.561824550"
"1","
 [703,]"
"1"," -3.593055107"
"1","
 [704,]"
"1"," -3.639454962"
"1","
 [705,]"
"1"," -3.598930010"
"1","
 [706,]"
"1","  4.412699695"
"1","
 [707,]"
"1","  4.423175316"
"1","
 [708,]"
"1","  1.972103339"
"1","
 [709,]"
"1","  4.459500902"
"1","
 [710,]"
"1"," -3.525272291"
"1","
 [711,]"
"1"," -3.587668488"
"1","
 [712,]"
"1"," -3.579348775"
"1","
 [713,]"
"1","  4.711533021"
"1","
 [714,]"
"1"," -3.529027307"
"1","
 [715,]"
"1"," -3.447069530"
"1","
 [716,]"
"1","  4.923641889"
"1","
 [717,]"
"1","  3.556942130"
"1","
 [718,]"
"1"," -3.437638871"
"1","
 [719,]"
"1"," -3.175866432"
"1","
 [720,]"
"1","  4.770797497"
"1","
 [721,]"
"1"," -3.683447729"
"1","
 [722,]"
"1"," -3.348531219"
"1","
 [723,]"
"1","  2.448949133"
"1","
 [724,]"
"1","  1.213502009"
"1","
 [725,]"
"1","  3.774841344"
"1","
 [726,]"
"1"," -3.391979733"
"1","
 [727,]"
"1"," -3.608313543"
"1","
 [728,]"
"1","  4.724071034"
"1","
 [729,]"
"1"," -3.581854037"
"1","
 [730,]"
"1"," -3.537470120"
"1","
 [731,]"
"1","  4.770473941"
"1","
 [732,]"
"1","  4.371660461"
"1","
 [733,]"
"1","  4.240087374"
"1","
 [734,]"
"1","  4.670558031"
"1","
 [735,]"
"1"," -3.567024800"
"1","
 [736,]"
"1","  4.576380033"
"1","
 [737,]"
"1"," -3.559133535"
"1","
 [738,]"
"1","  4.124031956"
"1","
 [739,]"
"1","  0.280253813"
"1","
 [740,]"
"1","  4.662650263"
"1","
 [741,]"
"1","  3.575132145"
"1","
 [742,]"
"1"," -3.407560346"
"1","
 [743,]"
"1","  4.588794677"
"1","
 [744,]"
"1"," -3.419692857"
"1","
 [745,]"
"1"," -3.069288074"
"1","
 [746,]"
"1","  1.919035776"
"1","
 [747,]"
"1","  4.739707808"
"1","
 [748,]"
"1","  3.854948853"
"1","
 [749,]"
"1","  4.473127226"
"1","
 [750,]"
"1","  4.229327339"
"1","
 [751,]"
"1"," -3.646546864"
"1","
 [752,]"
"1"," -2.711484284"
"1","
 [753,]"
"1"," -0.403564680"
"1","
 [754,]"
"1"," -3.660594179"
"1","
 [755,]"
"1"," -3.473646284"
"1","
 [756,]"
"1","  3.937943272"
"1","
 [757,]"
"1","  3.026134209"
"1","
 [758,]"
"1","  4.875842604"
"1","
 [759,]"
"1"," -1.869500117"
"1","
 [760,]"
"1"," -2.987380501"
"1","
 [761,]"
"1"," -3.671947476"
"1","
 [762,]"
"1"," -1.437591992"
"1","
 [763,]"
"1"," -3.402226368"
"1","
 [764,]"
"1","  4.690247209"
"1","
 [765,]"
"1"," -3.578549711"
"1","
 [766,]"
"1"," -3.301222854"
"1","
 [767,]"
"1"," -3.445364854"
"1","
 [768,]"
"1"," -3.468459131"
"1","
 [769,]"
"1","  4.679549223"
"1","
 [770,]"
"1"," -3.541260210"
"1","
 [771,]"
"1","  4.625080697"
"1","
 [772,]"
"1","  4.780812636"
"1","
 [773,]"
"1"," -3.389845572"
"1","
 [774,]"
"1"," -3.649000211"
"1","
 [775,]"
"1","  0.023609776"
"1","
 [776,]"
"1","  0.958263983"
"1","
 [777,]"
"1","  4.510010928"
"1","
 [778,]"
"1"," -3.432103450"
"1","
 [779,]"
"1","  1.288970754"
"1","
 [780,]"
"1","  4.700696375"
"1","
 [781,]"
"1","  4.869731889"
"1","
 [782,]"
"1","  4.724099097"
"1","
 [783,]"
"1"," -3.542468631"
"1","
 [784,]"
"1"," -3.484277588"
"1","
 [785,]"
"1"," -3.409779592"
"1","
 [786,]"
"1"," -3.614864625"
"1","
 [787,]"
"1","  4.728801807"
"1","
 [788,]"
"1","  4.054122742"
"1","
 [789,]"
"1"," -3.557056525"
"1","
 [790,]"
"1","  3.659406115"
"1","
 [791,]"
"1"," -3.487195644"
"1","
 [792,]"
"1"," -3.368517431"
"1","
 [793,]"
"1","  0.801267206"
"1","
 [794,]"
"1","  3.882726390"
"1","
 [795,]"
"1"," -3.649835994"
"1","
 [796,]"
"1"," -3.562506163"
"1","
 [797,]"
"1","  3.867433809"
"1","
 [798,]"
"1","  3.909239413"
"1","
 [799,]"
"1","  3.499641451"
"1","
 [800,]"
"1","  4.881488139"
"1","
 [801,]"
"1","  4.396523297"
"1","
 [802,]"
"1","  4.064023973"
"1","
 [803,]"
"1"," -3.533623854"
"1","
 [804,]"
"1"," -3.384167212"
"1","
 [805,]"
"1","  3.633062952"
"1","
 [806,]"
"1"," -3.541801003"
"1","
 [807,]"
"1"," -3.349633507"
"1","
 [808,]"
"1","  3.452409406"
"1","
 [809,]"
"1","  4.754834217"
"1","
 [810,]"
"1","  4.558213839"
"1","
 [811,]"
"1"," -3.623604038"
"1","
 [812,]"
"1"," -0.276422101"
"1","
 [813,]"
"1","  4.935519986"
"1","
 [814,]"
"1","  2.370392351"
"1","
 [815,]"
"1"," -3.233363741"
"1","
 [816,]"
"1"," -1.594478455"
"1","
 [817,]"
"1","  4.706046583"
"1","
 [818,]"
"1","  4.815880552"
"1","
 [819,]"
"1"," -3.415082473"
"1","
 [820,]"
"1","  3.101130515"
"1","
 [821,]"
"1"," -3.451686483"
"1","
 [822,]"
"1"," -3.507777115"
"1","
 [823,]"
"1"," -2.485892142"
"1","
 [824,]"
"1"," -2.628708784"
"1","
 [825,]"
"1","  4.485248206"
"1","
 [826,]"
"1","  3.767115969"
"1","
 [827,]"
"1"," -3.616650777"
"1","
 [828,]"
"1","  4.404565491"
"1","
 [829,]"
"1","  3.874879989"
"1","
 [830,]"
"1"," -3.531729532"
"1","
 [831,]"
"1"," -3.643352328"
"1","
 [832,]"
"1","  2.284983286"
"1","
 [833,]"
"1"," -3.213576835"
"1","
 [834,]"
"1","  2.764497957"
"1","
 [835,]"
"1"," -3.136285135"
"1","
 [836,]"
"1","  4.749115120"
"1","
 [837,]"
"1","  4.854495717"
"1","
 [838,]"
"1"," -3.573998684"
"1","
 [839,]"
"1","  4.170645732"
"1","
 [840,]"
"1","  4.743025292"
"1","
 [841,]"
"1"," -3.669322049"
"1","
 [842,]"
"1","  4.266715771"
"1","
 [843,]"
"1"," -3.586033919"
"1","
 [844,]"
"1","  4.818172407"
"1","
 [845,]"
"1","  4.078663354"
"1","
 [846,]"
"1"," -2.866531458"
"1","
 [847,]"
"1"," -0.976249099"
"1","
 [848,]"
"1","  4.864207350"
"1","
 [849,]"
"1"," -3.588076306"
"1","
 [850,]"
"1","  4.582285501"
"1","
 [851,]"
"1"," -3.556415026"
"1","
 [852,]"
"1"," -3.448230896"
"1","
 [853,]"
"1","  4.980862937"
"1","
 [854,]"
"1"," -3.696349059"
"1","
 [855,]"
"1","  4.697426302"
"1","
 [856,]"
"1"," -3.389220063"
"1","
 [857,]"
"1","  4.466036183"
"1","
 [858,]"
"1"," -3.586087220"
"1","
 [859,]"
"1","  4.324282106"
"1","
 [860,]"
"1","  4.645802112"
"1","
 [861,]"
"1"," -2.249846574"
"1","
 [862,]"
"1"," -2.384082427"
"1","
 [863,]"
"1"," -3.466219976"
"1","
 [864,]"
"1","  3.327952340"
"1","
 [865,]"
"1"," -3.408076624"
"1","
 [866,]"
"1","  4.379596184"
"1","
 [867,]"
"1"," -1.401324115"
"1","
 [868,]"
"1","  4.801919897"
"1","
 [869,]"
"1"," -3.475097995"
"1","
 [870,]"
"1"," -3.371572015"
"1","
 [871,]"
"1","  3.267301515"
"1","
 [872,]"
"1","  4.872954829"
"1","
 [873,]"
"1"," -3.532844988"
"1","
 [874,]"
"1","  4.505931536"
"1","
 [875,]"
"1","  4.799522990"
"1","
 [876,]"
"1"," -3.067483888"
"1","
 [877,]"
"1"," -3.575397129"
"1","
 [878,]"
"1"," -3.433943401"
"1","
 [879,]"
"1"," -3.606798547"
"1","
 [880,]"
"1","  4.857155029"
"1","
 [881,]"
"1","  1.169727808"
"1","
 [882,]"
"1","  4.543498841"
"1","
 [883,]"
"1","  3.434977440"
"1","
 [884,]"
"1"," -3.550570048"
"1","
 [885,]"
"1"," -3.612569425"
"1","
 [886,]"
"1"," -3.585395172"
"1","
 [887,]"
"1"," -3.553830128"
"1","
 [888,]"
"1","  4.597097925"
"1","
 [889,]"
"1","  4.361483935"
"1","
 [890,]"
"1"," -3.512771609"
"1","
 [891,]"
"1","  2.161671940"
"1","
 [892,]"
"1","  4.609595510"
"1","
 [893,]"
"1"," -1.567478658"
"1","
 [894,]"
"1"," -3.419997827"
"1","
 [895,]"
"1","  2.414830907"
"1","
 [896,]"
"1","  4.400578892"
"1","
 [897,]"
"1"," -3.218097171"
"1","
 [898,]"
"1","  4.343560289"
"1","
 [899,]"
"1"," -3.573982340"
"1","
 [900,]"
"1"," -3.368655939"
"1","
 [901,]"
"1"," -3.642079145"
"1","
 [902,]"
"1"," -3.443484969"
"1","
 [903,]"
"1"," -3.492046213"
"1","
 [904,]"
"1","  2.927598480"
"1","
 [905,]"
"1","  3.010860885"
"1","
 [906,]"
"1"," -3.333845017"
"1","
 [907,]"
"1","  1.467744672"
"1","
 [908,]"
"1","  0.617151250"
"1","
 [909,]"
"1","  2.467274562"
"1","
 [910,]"
"1","  2.963027196"
"1","
 [911,]"
"1"," -3.522564825"
"1","
 [912,]"
"1","  3.088271041"
"1","
 [913,]"
"1"," -3.387655115"
"1","
 [914,]"
"1"," -3.633527061"
"1","
 [915,]"
"1"," -3.547397180"
"1","
 [916,]"
"1","  4.593433531"
"1","
 [917,]"
"1"," -3.393908192"
"1","
 [918,]"
"1"," -3.218948535"
"1","
 [919,]"
"1","  1.711481187"
"1","
 [920,]"
"1"," -3.777295912"
"1","
 [921,]"
"1","  3.557140586"
"1","
 [922,]"
"1","  4.655917284"
"1","
 [923,]"
"1"," -1.859734718"
"1","
 [924,]"
"1"," -3.429755737"
"1","
 [925,]"
"1"," -3.484244426"
"1","
 [926,]"
"1"," -3.518819946"
"1","
 [927,]"
"1","  4.094363512"
"1","
 [928,]"
"1","  2.731931345"
"1","
 [929,]"
"1"," -3.541872480"
"1","
 [930,]"
"1"," -3.552887422"
"1","
 [931,]"
"1","  4.004552748"
"1","
 [932,]"
"1"," -3.338146917"
"1","
 [933,]"
"1"," -3.679097815"
"1","
 [934,]"
"1"," -3.677663839"
"1","
 [935,]"
"1","  2.045225926"
"1","
 [936,]"
"1"," -3.610223036"
"1","
 [937,]"
"1"," -3.443024337"
"1","
 [938,]"
"1","  4.675426075"
"1","
 [939,]"
"1","  2.802628800"
"1","
 [940,]"
"1"," -3.639444255"
"1","
 [941,]"
"1","  1.517994877"
"1","
 [942,]"
"1"," -3.543321439"
"1","
 [943,]"
"1"," -3.419326268"
"1","
 [944,]"
"1"," -3.637489806"
"1","
 [945,]"
"1","  4.796157794"
"1","
 [946,]"
"1"," -3.522834149"
"1","
 [947,]"
"1"," -3.547287596"
"1","
 [948,]"
"1"," -3.448366826"
"1","
 [949,]"
"1","  4.282722247"
"1","
 [950,]"
"1"," -3.447076185"
"1","
 [951,]"
"1","  4.510147308"
"1","
 [952,]"
"1","  4.737287343"
"1","
 [953,]"
"1","  0.009679854"
"1","
 [954,]"
"1","  4.156915546"
"1","
 [955,]"
"1"," -3.613274349"
"1","
 [956,]"
"1","  3.980528341"
"1","
 [957,]"
"1"," -1.069047039"
"1","
 [958,]"
"1"," -3.626864180"
"1","
 [959,]"
"1","  1.111083854"
"1","
 [960,]"
"1","  4.581248075"
"1","
 [961,]"
"1","  5.035744677"
"1","
 [962,]"
"1"," -1.650219793"
"1","
 [963,]"
"1"," -3.428324964"
"1","
 [964,]"
"1"," -3.409147148"
"1","
 [965,]"
"1","  4.836111453"
"1","
 [966,]"
"1","  3.441339384"
"1","
 [967,]"
"1"," -2.613115775"
"1","
 [968,]"
"1"," -3.652466253"
"1","
 [969,]"
"1","  4.387291663"
"1","
 [970,]"
"1"," -3.357032914"
"1","
 [971,]"
"1","  4.104883643"
"1","
 [972,]"
"1","  2.366295290"
"1","
 [973,]"
"1"," -3.501894352"
"1","
 [974,]"
"1"," -3.659669411"
"1","
 [975,]"
"1","  4.399637922"
"1","
 [976,]"
"1"," -2.246131804"
"1","
 [977,]"
"1"," -3.402610323"
"1","
 [978,]"
"1","  3.000364976"
"1","
 [979,]"
"1"," -3.578203944"
"1","
 [980,]"
"1"," -3.587562377"
"1","
 [981,]"
"1"," -3.516427263"
"1","
 [982,]"
"1","  2.907928641"
"1","
 [983,]"
"1"," -3.635398825"
"1","
 [984,]"
"1","  4.745512707"
"1","
 [985,]"
"1"," -3.495286563"
"1","
 [986,]"
"1"," -3.578457835"
"1","
 [987,]"
"1","  4.447152458"
"1","
 [988,]"
"1"," -3.591311699"
"1","
 [989,]"
"1","  1.349371443"
"1","
 [990,]"
"1"," -3.476865450"
"1","
 [991,]"
"1","  4.675917389"
"1","
 [992,]"
"1"," -3.641531484"
"1","
 [993,]"
"1"," -3.469449261"
"1","
 [994,]"
"1","  4.571515254"
"1","
 [995,]"
"1","  4.385082416"
"1","
 [996,]"
"1","  4.785018663"
"1","
 [997,]"
"1"," -3.441314484"
"1","
 [998,]"
"1"," -3.545702862"
"1","
 [999,]"
"1","  4.741024699"
"1","
[1000,]"
"1","  4.507409002"
"1","
"
"1"," [ reached getOption(""max.print"") -- omitted 1000 rows ]
"
